Penalty Factor,Mean Reward,Std Dev Reward,Mean Violations,Std Dev Violations
0,0.0,0.0,119.251,120.46321757698487
1,6.2,14.545102268461367,200.60399999999998,82.74438690328185
2,21.3,33.11208238694752,91.173,105.88199686915618
5,1.2,3.6000000000000005,24.15,20.370974939850083
10,8.4,25.2,7.234999999999999,5.051738809558547
20,0.0,0.0,2.406,1.474192660407723